github_repository_id,opening_name,closing_name,opening_class,closing_class,visibility_observed,role,assessment,priority,observed,next_action,acceptance,source_read_level,cvp_acceptance,source_ids
707502317,zz-pause-ref-ProjectSpyn,zz-pause-ref-ProjectSpyn,paused-reference,paused-reference,public,Historical coursework/reference,CUSTODY ONLY,P2,"The header says paused ASU FSE100 project, while inherited text claims all work migrated without a specific successor.",Preserve history and explicitly mark unverified historical migration language. Do not create new CVP work.,"Recoverable source, license and historical identity are recorded; no claim that undocumented absorption is proven.",bounded-root,ROLE_SPECIFIC_CUSTODY_OR_CONSUMER_GATES; NOT_PRODUCT_CERTIFICATION,S293
861430079,BytePort,BytePort,active-named,active-named,public,Git-to-deployment application,QUALIFY A BOUNDED DEPLOYMENT,P1,"The README describes Go/API and desktop/web paths, but labels manifest delivery and isolated microVM execution planned. Development instructions still refer to NVMS. A UI/compose startup is not deployment completion.",Select one already-supported target; reconcile the NVMS consumer boundary and run a clean repo-to-service deployment without an adjacent developer checkout.,"Authenticated connect, build, deploy, inspect logs, update and rollback; failed provisioning leaves known state; installed client or hosted route has exact artifact provenance.",bounded-root,NOT_INDEPENDENTLY_QUALIFIED_IN_THIS_PASS,S241
960016965,zz-pause-AgsLag,zz-inc-AgsLag,paused,incubation-named,private,Strategy/executive lineage; newly renamed incubation candidate,INCUBATION NAME CONFLICTS WITH PAUSED CONTENT,P0,"Closing list resolves this ID to zz-inc-AgsLag. Its refreshed README still says pause, pending merge into zz-agslag, and zz-agslag-dash retired. A new prefix did not resolve the actual strategy authority.",Request/locate the exact accepted incubation decision and its bounded charter. Preserve the strategy/allocation responsibilities without silently assigning them to AgilePlus or a document ledger.,"One role, source lineage, owner, scope, graduation condition and allowed actions are explicit. No new work or deletion proceeds from the name alone.",bounded-root-plus-selected-source,ROLE_SPECIFIC_CUSTODY_OR_CONSUMER_GATES; NOT_PRODUCT_CERTIFICATION,S274;S319;OBS-CLOSE
980996178,zz-pause-Localbase,zz-pause-Localbase,paused,paused,public,Paused decentralized compute marketplace,KEEP RESEARCH/PRODUCT BOUNDARY DISTINCT,P2,"The README describes Cosmos marketplace, provider/API and frontend subsystems under permanent pause.",Preserve historical work and any authorized existing data. Do not silently import its marketplace/blockchain requirements into PhenoFabric or resume deployment.,"Custody, licenses, outstanding secrets/infrastructure and historical status are known. Future reuse requires a bounded accepted requirement, not name similarity.",bounded-root,ROLE_SPECIFIC_CUSTODY_OR_CONSUMER_GATES; NOT_PRODUCT_CERTIFICATION,S276
998124581,zz-pause-ref-AtomsTech,zz-pause-ref-AtomsTech,paused-reference,paused-reference,private,Historical website/product reference,CUSTODY ONLY,P2,Paused/reference header sits above a generic archived/migrated notice with no target.,Keep the reference with dated role and provenance. Identify any still-owned domain/credential obligations separately.,"Historical source remains recoverable, obsolete live claims are flagged, and no new product work or deletion is inferred.",bounded-root,ROLE_SPECIFIC_CUSTODY_OR_CONSUMER_GATES; NOT_PRODUCT_CERTIFICATION,S294
1009324469,zz-pause-ref-AtomsBot,zz-pause-ref-AtomsBot,paused-reference,paused-reference,private,Strictly paused bot/reference,HONOR THE EXPLICIT FREEZE,P2,"The README explicitly prohibits new commits, PRs, issues, releases, dependents and agent work without owner sign-off.",Maintain read-only observation and external custody records. Do not edit the repository merely to satisfy a generic portfolio checklist.,No automated mutation occurs; any future resumption requires explicit scoped supersession and appropriate credential review.,bounded-root,ROLE_SPECIFIC_CUSTODY_OR_CONSUMER_GATES; NOT_PRODUCT_CERTIFICATION,S295
1015249259,zz-pause-ref-KaskMan,zz-pause-ref-KaskMan,paused-reference,paused-reference,private,Historical reference repository,CUSTODY ONLY,P2,"The README says no longer maintained and absorbed or irrelevant, without identifying precise target parity.",Preserve; flag migration status as unverified rather than converting the sentence into retirement authority.,"Stable ID, history, retained artifacts and access are known; no manufactured application or quality target is added.",bounded-root,ROLE_SPECIFIC_CUSTODY_OR_CONSUMER_GATES; NOT_PRODUCT_CERTIFICATION,S296
1017123874,zz-pause-RIPFitnessApp,zz-inc-RIPFitnessApp,paused,incubation-named,public,Retired fitness app; incubation-name transition,CONFIRM WHETHER A REVIVAL WAS ACTUALLY AUTHORIZED,P2,"Earlier header says permanent pause/retirement. Closing name is zz-inc-RIPFitnessApp, without a retrieved new product charter.",Preserve the old application and identify a bounded new user job only if a scoped decision exists; no obligation to manufacture a CVP from coursework/history.,Explicit owner and decision separate archival custody from an actual incubation task. Existing secrets and user data are handled privately.,bounded-root-plus-selected-source,ROLE_SPECIFIC_CUSTODY_OR_CONSUMER_GATES; NOT_PRODUCT_CERTIFICATION,S283;OBS-CLOSE
1020556829,zz-pause-VibeKanban,zz-inc-VibeKanban,paused,incubation-named,public,Reference upstream-derived planning UI; incubation-name conflict,EXPLICIT NO-DEVELOPMENT NOTICE STILL PRESENT,P0,"Despite the closing zz-inc-VibeKanban name, its refreshed README still explicitly says reference/inspiration only and tells agents to stop unarchiving/developing it.",Do not treat the prefix as permission. Locate an explicit human supersession before new work. Preserve usable reference material and fork provenance.,"Until a scoped supersession is established, no automatic development, new integration authority or retirement action; any approved experiment must state why it is needed.",bounded-root-plus-selected-source,ROLE_SPECIFIC_CUSTODY_OR_CONSUMER_GATES; NOT_PRODUCT_CERTIFICATION,S281;S318;OBS-CLOSE
1048244869,zz-pause-ref-Synthia,zz-pause-ref-Synthia,paused-reference,paused-reference,public,Retired PAL/Zen MCP-derived reference,RESPECT THE NO-WORK NOTICE,P2,"The top-level instruction says no longer needed/stop working, followed by upstream PAL MCP material.",Retain as reference and distinguish upstream documentation from owned maintained capability. Do not resume bot/provider development.,Source/upstream lineage and retained rights are recorded; no operational dependency is added without a new decision.,bounded-root,ROLE_SPECIFIC_CUSTODY_OR_CONSUMER_GATES; NOT_PRODUCT_CERTIFICATION,S297
1069864709,zz-pause-ref-472P2FlameWar,zz-pause-ref-472P2FlameWar,paused-reference,paused-reference,private,Historical coursework/reference,CUSTODY ONLY,P2,The document has pause/retired boilerplate rather than an active product contract.,Keep protected reference material and provenance; resolve any uncertainty outside the repository before changes.,Historical identity and recovery are documented; no regression or CVP claim is invented from an inactive course project.,bounded-root,ROLE_SPECIFIC_CUSTODY_OR_CONSUMER_GATES; NOT_PRODUCT_CERTIFICATION,S298
1077977094,zz-aa-dep-AgentApiPlusPlus,zz-aa-dep-AgentApiPlusPlus,dependency,dependency,public,Maintained agent-process API fork,CONFLICTING RETAIN/DELETE INSTRUCTIONS,P0,"The README simultaneously says owned hard-fork dependency, do not pause/delete/archive/merge, and migrated to substrate with future deletion.",Reconcile one current decision and actual substrate/process-control consumers. Preserve upstream and local history and prove any claimed replacement is semantically equivalent.,"Real agent lifecycle, stream and error contracts work on pinned versions; no destructive transition is derived from the obsolete paragraph.",bounded-root,ROLE_SPECIFIC_CUSTODY_OR_CONSUMER_GATES; NOT_PRODUCT_CERTIFICATION,S284
1159182006,zz-aa-dep-CliproxyApiPlusPlus,zz-aa-dep-CliproxyApiPlusPlus,dependency,dependency,public,Maintained provider proxy fork,KEEP AS A DEPENDENCY WITH AN EXPLICIT DELTA,P2,The retained header and fork attribution are relatively clear: provider routing/auth/quota/diagnostics extensions of router-for-me/CLIProxyAPI.,"Publish the intentional patch set, upstream base, real consumer pins and install/update policy. Avoid duplicating upstream claims as evidence for the fork.",Authentic provider streaming/cancellation/auth/limit cases pass; documented integrations resolve; fork-network history is protected.,bounded-root,ROLE_SPECIFIC_CUSTODY_OR_CONSUMER_GATES; NOT_PRODUCT_CERTIFICATION,S285
1162254344,Tracera,Tracera,active-named,active-named,public,Persistent product/system graph and gap discovery,RECONCILE PRODUCT IDENTITY; THEN QUALIFY,P1,"Its current README foregrounds observability, audit and session memory rather than the user-confirmed canonical product graph. The latest inspected GitHub release is v0.49 (September 3), a scorecard checkpoint with a Windows archive and manifest, not evidence of the full desired desktop product.","Keep the graph identity and automatic dissatisfaction/gap detection explicit. Exercise one persistent product-model journey; preserve evidence links as a supporting view, not a replacement identity.","Import a real product, traverse bounded component detail, expose a genuine missing/failed capability, link evidence, restart and retain state. Validate actual installed/hosted frontend against actual backend.",bounded-root-plus-selected-source,NOT_INDEPENDENTLY_QUALIFIED_IN_THIS_PASS,S244;S310
1162255140,zz-pause-Thegent,zz-pause-Thegent,paused,paused,public,Paused mixed bootstrap/labor/agent runtime,RETAIN PAUSE; DO NOT INHERIT ITS BROAD AUTHORITY,P2,"The pause header coexists with 100% spec/test/trace, 60% active runtime and a broad dotfiles/bootstrap/multi-agent hub description.",Preserve the latest restrictions and identify any existing consumers that need compatibility maintenance. Extract no new canonical authority from completion percentages.,Current role and supported retained interfaces are explicit; historical labor/strategy intent remains traceable; no background worker resumes new product work from stale ACTIVE text.,bounded-root,ROLE_SPECIFIC_CUSTODY_OR_CONSUMER_GATES; NOT_PRODUCT_CERTIFICATION,S273
1164684442,Civis,Civis,active-named,active-named,public,Persistent systemic game,CLOSE THE PLAYER BUILD,P1,"A source diff adds archive persistence for culture/ideology/aggression/unrest and real round-trip assertions. The Mac builder still selects only bevy,egui,client-bins and tolerates missing assets. Latest stable GitHub release v0.5.0 (September 5) exposes three CLI archives, not a current qualified game app.","Pin a game-first candidate, required presentation profile and asset manifest. Close the world-create/play/intervene/save/reopen journey before widening mechanics. Reconcile old global-determinism and research-only claims with current intent.","Install outside the checkout, launch through the OS, show real renderer/animation/audio, mutate a populated world, save/restore meaningful state, and prove bounded unattended continuation. Native visual review and performance under load are required.",bounded-root-plus-selected-source,NOT_INDEPENDENTLY_QUALIFIED_IN_THIS_PASS,S236;S300;S301;S302;S305
1164684829,zz-pause-Parpoura,zz-inc-Parpoura,paused,incubation-named,private,Founder/venture and governance lineage; incubation-name transition,VERIFY SEMANTIC SUCCESSOR BEFORE ANY RETIREMENT,P0,"Earlier README says paused and migrated research documents to ResearchLedger, with venture Python superseded by AgilePlus and future deletion. Closing name is zz-inc-Parpoura; the new intended contract was not retrieved.",Reconcile the scoped incubation/retirement decision. Separate copied research from executable venture behavior and verify any claimed successor with a matched consumer case.,Every retained capability has explicit source/target responsibility and evidence; paused/retained obligations and new incubation are not conflated.,bounded-root-plus-selected-source,ROLE_SPECIFIC_CUSTODY_OR_CONSUMER_GATES; NOT_PRODUCT_CERTIFICATION,S275;OBS-CLOSE
1164703420,zz-pause-QuadSGM,zz-inc-QuadSGM,paused,incubation-named,private,Governance template/history; incubation-name transition,CHARTER BEFORE RESTART,P2,"Earlier header pauses a Python governance/template system with task, docs and QC tooling. Closing list now says zz-inc-QuadSGM; the corresponding decision was not established.",Determine whether a bounded independent experiment is intended or the material remains reference for existing tools. Do not create a second portfolio policy authority.,"Document one authorized experiment, inputs/outputs and relationship to current tooling; preserve history and avoid conflicting enforcement.",bounded-root-plus-selected-source,ROLE_SPECIFIC_CUSTODY_OR_CONSUMER_GATES; NOT_PRODUCT_CERTIFICATION,S278;OBS-CLOSE
1165315873,helios-cli,helios-cli,active-named,active-named,public,Codex-derived CLI / harness workspace,RESOLVE WHAT THE SHIPPED BINARY IS,P1,The README says the root workspace is the harness system and excludes vendored codex-rs/codex-cli. Root workspace success therefore does not establish a functioning Codex-derived coding agent.,Name the actual installable product and build root. Separate reusable harness packages from the agent executable while retaining their integration contract.,"A clean install uses the advertised binary to read a repository, edit an allowed file, run real tests, refuse prohibited scope, survive a tool error, and resume a session.",bounded-root,NOT_INDEPENDENTLY_QUALIFIED_IN_THIS_PASS,S248
1165351720,portage,portage,active-named,active-named,public,Harbor-derived evaluation framework,RUN A REAL EVALUATION,P1,"The README carefully distinguishes upstream PyPI from this fork and optional Rust bridge support, but still instructs cloning portage-TEMP. Static oracle badges and suite-info commands do not prove useful benchmark execution.",Correct the consumer install target and run one real agent/environment benchmark with a deliberately failing candidate and missing-extra case.,"Clean fork install, task execution, trustworthy pass/fail reward, retained logs, cancellation and resource limits; optional bridge unavailability must be explicit.",bounded-root,NOT_INDEPENDENTLY_QUALIFIED_IN_THIS_PASS,S250
1167587447,HeliosLab,HeliosLab,active-named,active-named,public,Currently a config/flags/secrets phenoctl workspace,RECONCILE SCOPE AND DEPENDENCIES,P0,"The README simultaneously says 65%, 80%, stable and a desktop/journeys lab, while the manifest confirms six config-oriented crates. It depends on old clap-ext and PhenoObservability locations; clap-ext returned 404 in this pass.",Resolve whether this is the intended agent workbench or a config product without erasing useful code. Repoint only after verifying source/API equivalence and accepted ownership.,Clean supported-toolchain build without retired private caches; config/flag/secrets workflows persist correctly and do not disclose secrets; then prove the actual chosen UI/CLI product.,bounded-root-plus-selected-source,NOT_INDEPENDENTLY_QUALIFIED_IN_THIS_PASS,S249;S315
1169608854,AgilePlus,AgilePlus,active-named,active-named,public,Reusable repository-scoped work/spec tooling,REPAIR FALSE ASSURANCE BEFORE ACCEPTANCE,P0,"Coverage CI enforces 20% Rust lines, prints Go coverage without a threshold, and the aggregate 85% gate echoes success without evaluating artifacts. README includes static 100% claims and an incompatible shelf identity. Latest published release titled Installers + green tests has zero uploaded assets.","Implement independent suite/metric denominators and failure propagation, remove unrelated portfolio content, and publish a real scoped CLI/MCP/desktop candidate through its actual local state contract.",Unit/integration/E2E and other required families meet accepted floors; critical obligations all pass. Separate subjects remain isolated; live engine receipts back transitions; clean installation and real UI/MCP CRUD succeed.,bounded-root-plus-selected-source,NOT_INDEPENDENTLY_QUALIFIED_IN_THIS_PASS,S238;S239;S309
1169864396,PhenoDesign,PhenoDesign,active-named,active-named,public,Shared design and asset foundation candidate,RESTORE AN UNAMBIGUOUS ROLE,P1,The active-named repository still consists of an archived/migrated notice dated July 29 with no concrete successor. This is not a usable design-system handoff.,"Inventory retained editable assets, tokens, licenses and actual consumers. Resolve ownership; do not regenerate the brand or create a new library solely to replace missing documentation.",Two real consumers use versioned tokens/components or asset exports; editable sources and licensed inputs are traceable; visual baselines and no-color/accessibility rules exist.,bounded-root,NOT_INDEPENDENTLY_QUALIFIED_IN_THIS_PASS,S251
1177712269,Dino,Dino,active-named,active-named,public,DINOForge game mod platform and companion,QUALIFY THE INSTALLED GAME PATH,P1,"The README claims broad pack/asset/bridge/companion capability, 3,613+ tests and 95%+ coverage, but its status section is a development milestone summary. Those claims were not independently reproduced.",Use the supported installed game and actual companion build to exercise one substantial pack; keep private/game dependencies explicit.,"Clean install, pack validation, runtime ECS/asset integration, UI interaction, save compatibility, hot reload or clear restart, and clean disable/uninstall. Required assets and failure logs are retained.",bounded-root,NOT_INDEPENDENTLY_QUALIFIED_IN_THIS_PASS,S252
1185005735,zz-aa-dep-UnityDoorstop,zz-aa-dep-UnityDoorstop,dependency,dependency,public,Unity early managed-loader fork,RETAIN PREBOOT/LOAD ORDER CONTRACT,P2,The fork exposes Unity Doorstop as an early .NET assembly loader with upstream workflow/artifact references.,Pin the actual build consumed by Dino or other mods and document loader/runtime compatibility and local patches.,"The supported game/runtime loads the correct managed entrypoint once, fails safely when missing/incompatible, and preserves upstream notices and provenance.",bounded-root,ROLE_SPECIFIC_CUSTODY_OR_CONSUMER_GATES; NOT_PRODUCT_CERTIFICATION,S289
1191459198,sharecli,sharecli,active-named,active-named,public,OS-adjacent process/resource supervisor,RESOLVE DUPLICATE AUTHORITY; SHIP CURRENT CANDIDATE,P0,"Its core source has the exact same blob in PhenoTooling and the standalone repo; PhenoTooling registers the copied crates. Latest inspected stable release is v0.3.0, published July 5, with Mac ARM/Linux archives uploaded July 14. Current source/UI claims must not be attributed to that release without a diff.",Name one source/release owner or explicit synchronized distribution contract. Then prove the current supervisor under realistic concurrent agent/background/foreground workloads.,"No inappropriate command coalescing, secret/cache cross-talk or stuck children; cancel/retry/failure semantics survive; real native tray/CLI installs and resource limits protect foreground use.",bounded-root-plus-selected-source,NOT_INDEPENDENTLY_QUALIFIED_IN_THIS_PASS,S243;S306;S312;S313;S314
1194326424,zz-aa-dep-Planify,zz-aa-dep-Planify,dependency,dependency,public,Plane-derived PM dependency/candidate,PRESERVE; RESOLVE OUTDATED PRODUCT COMPARISON,P2,"The dependency header coexists with a June PM-frontend competition against AgilePlus and Tracera, with no newly established decision in this read.","Keep source provenance and licensing; identify actual consumers and whether this is an adapter, maintained fork or an approved future UI experiment.",Pinned build and required API/upgrade contracts work. Do not let the old competition statement redefine Tracera or AgilePlus today.,bounded-root,ROLE_SPECIFIC_CUSTODY_OR_CONSUMER_GATES; NOT_PRODUCT_CERTIFICATION,S286
1199812615,zz-pause-GitHub,zz-pause-GitHub,paused,paused,public,Historical special-name account defaults repository,PRESERVE; CHECK PUBLICATION RESPONSIBILITY ELSEWHERE,P2,"The paused README refers to the old .github repository and says archived/retired, while platform metadata says unarchived.","Separate authored account policy from any necessary specially named GitHub publication surface. Do not recreate, rename or enable workflows without the accepted owner decision.",Required default community files and workflow references are intentionally provided or intentionally absent; historical code is preserved and no inferred redirect is used as proof.,bounded-root,ROLE_SPECIFIC_CUSTODY_OR_CONSUMER_GATES; NOT_PRODUCT_CERTIFICATION,S282
1200273587,zz-tbd-Pheno,zz-tbd-Pheno,target-undecided,target-undecided,public,Unresolved organizational shelf,DO NOT USE AS AN UNADJUDICATED ABSORPTION TARGET,P0,"The README calls it a shelf of about 30 independent repositories and adds a TBD merge-target header. That is a workspace organization model, not proof of one coherent product or canonical implementation.","Inventory nested Git roots, separate dirty work and retained artifacts, and record a component-level destination map. Resolve the existing ban/exception history before any new imports.",Every source capability and independent history is mapped; no recursive copy loses a nested repository; one approved owner per component; no deletion or broad merge authorization is implied.,bounded-root,ROLE_SPECIFIC_CUSTODY_OR_CONSUMER_GATES; NOT_PRODUCT_CERTIFICATION,S271
1201113097,PhenoRegistry,PhenoRegistry,active-named,active-named,public,Curated portfolio identity/projection tooling or data authority,REPAIR THE LIVE MAP,P0,The root advertises 111 repositories and retired authorities. Search surfaces copied platform work templates still referring to approximately 170 repositories. Neither is the current 62-ID roster.,Generate a current ID/name/role projection and attach scoped accepted decisions; separate GitHub observations from intended roles and mutable work state.,"Renames retain identity, missing access is not deletion, paused/dependency/TBD classes are explicit, every advertised owner resolves, and stale facts are visibly dated.",bounded-root,NOT_INDEPENDENTLY_QUALIFIED_IN_THIS_PASS,S228
1201987910,PhenoAI,PhenoAI,active-named,active-named,public,AI library/provider workspace with newly absorbed device code,RECONCILE EXPANDED BOUNDARY,P0,"README says three AI crates, while Cargo.toml lists routing, embeddings, Eidolon device crates, PlayCua native code and more. Resolver 3 is selected alongside a declared Rust 1.75 floor; official Cargo docs require Rust 1.84+ for resolver 3.","Establish which packages are reusable AI primitives, device adapters or product code, and who writes/releases each. Make toolchain claims executable rather than upgrading the label alone.","Clean minimum-toolchain matrix, one authorized provider/MCP/embedding consumer path, negative credential and cancellation cases, and no competing independent Eidolon implementation without a declared contract.",bounded-root-plus-selected-source,NOT_INDEPENDENTLY_QUALIFIED_IN_THIS_PASS,S245;S316;W03
1214745478,PhenoMLX,PhenoMLX,active-named,active-named,public,OMLX-derived inference and research application,QUALIFY A SELF-CONTAINED INFERENCE PROFILE,P1,"The current README still depends on an installed /Applications/oMLX.app environment, local Python injections and adjacent research checkouts. It distinguishes some CPU-only/placeholder work, but broad performance claims are not qualification evidence.",Select one supported model/backend and produce a reproducible extension or self-contained install with explicit upstream/fork identity and research boundaries.,"Clean install, model load/inference/cancel/unload/restart, memory-pressure/OOM handling, valid credential and data paths, and measured quality/performance using the actual shipped artifact.",bounded-root,NOT_INDEPENDENTLY_QUALIFIED_IN_THIS_PASS,S246
1220333985,PhenoTooling,PhenoTooling,active-named,active-named,public,Reusable developer/verification tooling collection,TRUST AND OWNERSHIP REPAIR,P0,"The root remains a Genesis scaffold description, while the workspace contains many absorbed systems including Journeys, ShareCLI, eye tracking and orchestration. docs-health has three implementation TODOs, returns empty findings and an empty smoke test.",Qualify the actual gate commands and identify per-package writer/release/consumer ownership. Preserve richer local intent systems; do not turn the collection into a universal product registry.,Seeded broken input fails locally and in CI; nonzero errors propagate; missing backends are not green; an unrelated repo can use each published tool without copying the portfolio.,bounded-root-plus-selected-source,NOT_INDEPENDENTLY_QUALIFIED_IN_THIS_PASS,S232;S304;S312;S313
1220334053,PhenoInfra,PhenoInfra,active-named,active-named,public,Infrastructure/runtime composition home,PROVE CONSUMER CLOSURE,P0,"The README still describes nanovms, PhenoCompose and BytePort consolidation. The old nanovms endpoint/ID is unavailable through this connection, while active consumers still reference it. The intended post-migration ownership is not demonstrated by this README.",Map runtime/FFI/manifest packages to their accepted homes and all affected consumers; separate deploy configuration from product implementation.,"An authorized clean runtime provision/run/stop/cleanup path works; FFI ABI, source provenance, storage custody and rollback are verified. No schema or package is substituted merely because its name matches.",bounded-root,NOT_INDEPENDENTLY_QUALIFIED_IN_THIS_PASS,S242
1220437668,Eidolon,Eidolon,active-named,active-named,private,Cross-platform device automation and sandbox interfaces,QUALIFY EXPLICIT LIVE DRIVERS,P1,"A detailed matrix distinguishes real, feature-gated and unsupported paths; REST daemon and crates publication are explicitly not shipped. Older 90%/alpha language coexists with that more useful matrix. PhenoAI now lists Eidolon crates too.",Preserve the honest capability matrix and resolve the active source owner. Finish one consented desktop automation/recording path and one defined isolation path before more backends.,"Real screenshot/input/state checks under permissions; denial, lost display, absent runtime and unsupported platform fail explicitly. Do not confuse requested sandbox policy with introspected enforcement.",bounded-root-plus-selected-source,NOT_INDEPENDENTLY_QUALIFIED_IN_THIS_PASS,S253;S316
1220449881,zz-pause-FocalPoint,zz-pause-FocalPoint,paused,paused,public,Paused repository with ambiguous product lineage,DO NOT TREAT IT AS PROVEN SCREEN-TIME SUCCESSOR,P0,The header says paused and absorbed into PhenoTooling; the underlying description is dependency management. This differs from the FocalPoint product in PhenoApps.,"Resolve by repository IDs, historical paths and actual component/API behavior. Preserve distinct histories until the transfer map proves what each contains.",No product feature or user data is declared redundant solely because the repository name matches. Any consumer migration passes a real test.,bounded-root-plus-selected-source,ROLE_SPECIFIC_CUSTODY_OR_CONSUMER_GATES; NOT_PRODUCT_CERTIFICATION,S277;S269
1226104769,forgecode,forgecode,active-named,active-named,public,HeliosLite coding-agent CLI fork,INTEGRATED; RELEASE INSTALL PATH OPEN,P1,"The previous h0.1.7 promotion PR #277 is now merged into main. The current README claims a separate heliosLite canonical repository/package. Latest GitHub release v2.13.21-h.0.2.1, September 15, has no uploaded assets; package registries were not audited.",Select the actual install/update channel and immutable artifact. Reconcile binary/brand aliases and legacy session behavior without rewriting old conversation stores.,"Installed fork, not accidental upstream binary, passes task execution and SSE failure/reconnect; legacy/foreign sessions remain read-only; recall/forget honor scope; update/rollback preserves state.",bounded-root-plus-selected-source,NOT_INDEPENDENTLY_QUALIFIED_IN_THIS_PASS,S254;S307;S311
1226168548,zz-aa-dep-Bifrost,zz-aa-dep-Bifrost,dependency,dependency,public,Maintained Go AI gateway fork,KEEP CONSUMER-LED MAINTENANCE,P2,The retained header preserves maximhq/Bifrost attribution; the remaining large product claims and package routes largely describe upstream.,"Establish fork delta and exact deployed/imported versions in the route family, especially duplicated routing responsibility with OmniRoute and substrate.","Representative request, stream, fallback, quota, permission and failure behavior is tested on the owned revision; package identity remains explicit.",bounded-root,ROLE_SPECIFIC_CUSTODY_OR_CONSUMER_GATES; NOT_PRODUCT_CERTIFICATION,S287
1226171396,OmniRoute,OmniRoute,active-named,active-named,public,Maintained upstream-derived AI gateway/contribution fork,QUALIFY THE FORK DELTA,P1,The root is upstream-facing and advertises extensive provider/free-tier budgets and upstream releases. Those marketing numbers were not revalidated and do not establish your own fork deployment or accepted contribution state.,"Separate upstream contributions, local fork integration, deployed instance and user-installed version. Prove the local routing changes against selected real providers with protected credentials.","Provider auth, streaming, fallback, quota accounting, cancellation and update/recovery behave correctly. External terms/quotas remain source-dated claims, not invented guaranteed free capacity.",bounded-root,NOT_INDEPENDENTLY_QUALIFIED_IN_THIS_PASS,S255
1226264690,zz-pause-ref-NetWeave,zz-pause-ref-NetWeave,paused-reference,paused-reference,private,Paused traffic/network simulation reference,PRESERVE A REUSABLE IDEA WITHOUT FORCED ABSORPTION,P2,"The source describes a Go traffic/road-network simulator and Canvas UI, with education, planning and possible game use under a pause header.","Retain as reference. A future Civis reuse proposal must identify the exact algorithm and contract, not import an entire traffic product by analogy.","Source and provenance remain available; no new engine scope, deleted duplicate or release obligation is inferred from conceptual relevance.",bounded-root,ROLE_SPECIFIC_CUSTODY_OR_CONSUMER_GATES; NOT_PRODUCT_CERTIFICATION,S299
1226547140,Pine,Pine,active-named,active-named,public,Experimental application compatibility runtime,"RESEARCH, NOT A GENERAL COMPATIBILITY CLAIM",P2,The README simultaneously says 70% and 25% pre-alpha. It declares a very broad Wine-equivalent goal but lists unresolved translation/isolation questions and five foundation crates.,"Keep the larger research intent, but select one explicit binary/API/platform compatibility experiment. Reuse established components where beneficial rather than promising arbitrary cross-OS execution.","One real previously unsupported test program runs with correct observable behavior and bounded failures; reference semantics, supported imports and overhead are documented. No generic CVP label from compilation alone.",bounded-root,NOT_INDEPENDENTLY_QUALIFIED_IN_THIS_PASS,S256
1241972761,WorldSphereMod,WorldSphereMod,active-named,active-named,public,WorldBox 3D hard fork,CLOSE THE ACTUAL IN-GAME RENDER PROFILE,P1,"The README usefully distinguishes CODE_LANDED from PROVEN, but names a local wip/208-height-fix branch as canonical while remote main is the inspected baseline. Many presentation features remain off or asset-bake deferred.",Reconcile the actual game-tested branch and package. Verify Compound-Spheres provenance and consumer pin before enabling or pruning renderer variants.,"Installed mod displays the declared entities/terrain/water/lighting/UI on the supported game version; no asset fallbacks hide missing content; save/reload, disable and uninstall are tested.",bounded-root,NOT_INDEPENDENTLY_QUALIFIED_IN_THIS_PASS,S257
1262466303,Melosviz,Melosviz,active-named,active-named,public,Music visualization studio and native/web shells,"QUALIFY REAL MEDIA, NOT DEMO OUTPUT",P1,"The README offers a deterministic offline demo and an Electrobun app path, but its production stack mentions a C4D stub. Demonstrating a generated ZIP does not prove the real media/rendering path.",Choose a real audio track and supported production renderer/backend; package a native app or correctly deployed web profile with explicit optional-service handling.,"Import, analyze, play/sync, edit preset, render/export, reopen and recover from a backend failure; validate audio/video output rather than file existence; capture an authentic polished app journey.",bounded-root,NOT_INDEPENDENTLY_QUALIFIED_IN_THIS_PASS,S258
1269596554,substrate,substrate,active-named,active-named,public,AI dispatch gateway and TUI,BOUND ROUTING OWNERSHIP AND QUALIFY,P1,"The README presents a concise runtime contract: SSE, retries, fallback, budgets, metrics and admin API. AgentApiPlusPlus separately claims both retained dependency status and absorption into substrate.",Distinguish model-provider routing from control of agent processes. Declare the retained dependency/adapter contract and prove one safe gateway session end to end.,"Authentic streaming/cancel/failure cases, no duplicate charges or replayed unsafe requests, admin authorization, budget continuity and bounded logs. Do not certify production from /health alone.",bounded-root-plus-selected-source,NOT_INDEPENDENTLY_QUALIFIED_IN_THIS_PASS,S259;S284
1269695199,PhenoLab,PhenoLab,active-named,active-named,private,Reproducible evaluation/lab consumer,RUN AND AUDIT A REAL BENCHMARK,P1,The root still says pheno-harness and instructs a specs submodule/portage-TEMP installation. It distinguishes itself from the Harbor product but cites historical oracle/status claims rather than new execution evidence.,Resolve install/submodule dependencies and run a seeded positive and known-negative evaluation in the supported environment; inspect current oracles rather than assuming prior fixes persisted.,"Source/config/model versions, inputs, results, failures, costs and artifacts are reproducible. Missing implementation/environment cannot silently skip required acceptance and produce success.",bounded-root,NOT_INDEPENDENTLY_QUALIFIED_IN_THIS_PASS,S260
1271708536,PhenoGfx,PhenoGfx,active-named,active-named,public,Shared graphics/data SDK,QUALIFY CONSUMER INTEROP,P1,"The README has a focused four-module contract (Rust voxel; Unity terrain/water/postfx), but calls it scaffolding 2/10. It conditions supersession on consumer references, which is the correct kind of gate but not proof it passed.",Verify one shared data-format/FFI path into actual game consumers and map donor provenance; preserve engine-specific capabilities that are not equivalent.,"Chunk/heightfield/mesh data and error behavior agree across the real consumers, including failed persistence and missing assets; native package/ABI tests and performance budgets pass.",bounded-root,NOT_INDEPENDENTLY_QUALIFIED_IN_THIS_PASS,S261
1271786703,zz-aa-dep-PhenoMCPServers,zz-aa-dep-PhenoMCPServers,dependency,dependency,public,Deployable MCP servers/skills/plugins catalog,QUALIFY FRAMEWORK AND CONSUMER RESOLUTION,P2,"The README defines an implementations registry and legitimate catalog schema, but depends on old PhenoFastMCP locations not present in the opening roster.",Locate the actual framework package source and pins. Keep runnable server packages separate from generated catalog projections and portfolio ownership.,"One selected server installs and interoperates with a real client, including malformed requests, cancellation, permission denial and missing backend handling.",bounded-root,ROLE_SPECIFIC_CUSTODY_OR_CONSUMER_GATES; NOT_PRODUCT_CERTIFICATION,S288
1272990345,zz-tbd-PhenoApps,zz-tbd-PhenoApps,target-undecided,target-undecided,public,Unresolved collection containing the screen-time FocalPoint product,RECONCILE THE ACTUAL PRODUCT LINEAGE,P0,"On apps-extract, one README simultaneously says compilation broken, builds green, and compilation still blocks production. It describes the actual screen-time/FocalPoint app, unlike the other FocalPoint repository. Adjacent PhenoObservability is required by the documented build.",Compare actual branch/source/manifests with the separate FocalPoint ID and existing accepted product intent. Build in isolation with explicit dependencies before choosing a destination.,"Distinct capabilities, platform entitlements, private assets, data migrations and source history receive a disposition. Conflicting progress claims are replaced by one revision-specific observation.",bounded-root-plus-selected-source,ROLE_SPECIFIC_CUSTODY_OR_CONSUMER_GATES; NOT_PRODUCT_CERTIFICATION,S269;S277
1273002789,zz-tbd-MobileCli,zz-tbd-MobileCli,target-undecided,target-undecided,public,Mobile Next-derived device CLI under target review,KEEP FORK AND DEVICE CONTRACTS INTACT,P2,The source retains upstream mobilecli installation and device-control scope. The displayed license identifies FSL-1.1-Apache-2.0; this audit did not adjudicate its license terms or local patch delta.,Identify required Eidolon/other consumers and compare actual mobile-device operations. Review the specific license and upstream relationship before porting or productizing.,"Selected physical/emulated-device paths work with consent and correct denial behavior; independent subprocess/API boundary, patches, distribution and license obligations are recorded.",bounded-root,ROLE_SPECIFIC_CUSTODY_OR_CONSUMER_GATES; NOT_PRODUCT_CERTIFICATION,S272
1273002818,zz-aa-dep-MobileMcp,,dependency,access-unresolved,public,Mobile MCP fork/dependency with unresolved access,DO NOT CLASSIFY AS DELETED OR MIGRATED,P0,"Present in the opening cohort, its README read and stable repository-ID lookup returned 404; it is absent from the closing 61-ID list.","Have the authorized owner resolve access/transfer/removal and report the actual successor, consumers and preserved source receipts. Do not synthesize a successful migration.",Identity and custody are established by authorized evidence; every current consumer either resolves the retained dependency or is explicitly blocked.,inventory-and-access-failures,ROLE_SPECIFIC_CUSTODY_OR_CONSUMER_GATES; NOT_PRODUCT_CERTIFICATION,OBS-OPEN;OBS-CLOSE;OBS-404;W01
1284536541,zz-pause-SessionLedger,zz-inc-SessionLedger,paused,incubation-named,public,Session provenance/archive tool; incubation-name transition,PRESERVE DATA CONTRACT; RECONCILE ROLE,P2,"The closing name is zz-inc-SessionLedger, but the refreshed header still says long pause. The retained tool advertises daemon, archive, replay and Dioxus viewer with some publication channels unfinished.",Bind any revival to an explicit scoped decision. Consumers may use a qualified retained version without requiring a whole new product release; protect private captures and credential boundaries.,Actual archive/restore and provenance verification retain session fidelity; live versus recorded state is distinct; paused obligations and new development permissions are explicit.,bounded-root-plus-selected-source,ROLE_SPECIFIC_CUSTODY_OR_CONSUMER_GATES; NOT_PRODUCT_CERTIFICATION,S279;S320;OBS-CLOSE
1308558334,zz-pause-ResearchLedger,zz-inc-ResearchLedger,paused,incubation-named,public,Local-first research/vault app; incubation-name transition,PRESERVE VAULTS; VERIFY THE NEW CHARTER,P2,"Earlier paused source describes a Tauri app with local Markdown/SQLite, browser captures and credential handling. Closing name is zz-inc-ResearchLedger; no live app or new charter was validated.",Locate the accepted incarnation/owner decision; keep captures private and avoid mandatory dependencies from every product onto unfinished research integrations.,"Existing vault/import/export contracts remain readable and recoverable. New browser/native operations require consent, scoped fixtures and actual evidence.",bounded-root-plus-selected-source,ROLE_SPECIFIC_CUSTODY_OR_CONSUMER_GATES; NOT_PRODUCT_CERTIFICATION,S280;OBS-CLOSE
1308570444,CivicSurvival-public,CivicSurvival-public,active-named,active-named,public,Public source/docs surface for a distributed CS2 mod,QUALIFY THE DISTRIBUTED MOD; RESPECT THE BOUNDARY,P1,The README explicitly says private generators and server sources are omitted and this public snapshot is not independently buildable. It advertises Paradox Mods distribution and warns beta saves are not version-stable.,Trace the published player artifact to its qualified build and verify the actual mod journey. Do not invent the missing private components or count their absence as an accidental public build regression.,"Supported game install, onboarding, crisis mechanics, actual privacy defaults, declared save migration/limitations and uninstall behavior are demonstrated. Public-source transparency is not sufficient correctness evidence.",bounded-root,NOT_INDEPENDENTLY_QUALIFIED_IN_THIS_PASS,S262
1315997929,zz-aa-dep-TurboQuant,zz-aa-dep-TurboQuant,dependency,dependency,public,KV-cache compression research/engine dependency,"VERIFY LOCAL APPLICABILITY, NOT JUST UPSTREAM CLAIMS",P2,The README carries extensive upstream adoption and quality/performance claims. Those experiments and external PRs were not re-executed or independently verified in this pass.,Identify the exact codec/backend/model profile used by your products and reproduce bounded quality plus memory/latency evidence before adopting a default.,"Matched baseline shows reported quality/performance tradeoffs on real hardware; failure/OOM behavior, format compatibility and attribution are explicit.",bounded-root,ROLE_SPECIFIC_CUSTODY_OR_CONSUMER_GATES; NOT_PRODUCT_CERTIFICATION,S290
1319179066,AirLock,zz-aa-dep-AirLock,active-named,dependency,public,No-mistakes-derived Git publication gate,TRANSITIONED TO DEPENDENCY DURING AUDIT,P1,Initial inventory placed AirLock among the 30 unprefixed names. During this pass its stable ID resolved to zz-aa-dep-AirLock. The README remains the no-mistakes proxy/worktree pipeline with upstream installation.,Record the ID-preserving role change and actual consumers. Retain the fork under dependency rules; verify the publication gate before relying on it for lifecycle safety.,Known-invalid candidate is not forwarded; dirty user work remains intact; interrupted operations reconcile outcomes before retry; permissions and provider failures cannot be treated as passes.,bounded-root-plus-selected-source,NOT_INDEPENDENTLY_QUALIFIED_IN_THIS_PASS,S268;S266
1322607630,ghostty,ghostty,active-named,active-named,public,Terminal emulator fork / embeddable terminal dependency,QUALIFY OWNED DELTA AND CHANNEL,P1,"The README prepends a fork note but retains upstream download links and maturity claims. Those establish the referenced upstream story, not a measured quality level for this fork.",List intentional patches and decide whether this is an independently distributed terminal or an embeddable dependency. Trace terminal-fabric work to its current accepted home rather than assuming it vanished.,Installed owned build passes terminal/input/render/clipboard/session cases for its supported platform; embedded use has a versioned contract; upstream and fork update channels cannot silently switch.,bounded-root,NOT_INDEPENDENTLY_QUALIFIED_IN_THIS_PASS,S263
1328507619,zz-aa-dep-PhenoUnslothStudio,zz-aa-dep-PhenoUnslothStudio,dependency,dependency,public,Local training/inference studio fork dependency,KEEP THE FORK/CONSUMER BOUNDARY CLEAR,P2,The dependency header retains the upstream Unsloth Studio description and assets; it is not evidence of a separately qualified Phenotype product.,Record intentional changes and a clean install path for the real model workflow using this fork. Do not fabricate branding or original performance ownership.,"A safe bounded train/infer/export flow succeeds with required versions, resources, model/data permissions and clear failure behavior.",bounded-root,ROLE_SPECIFIC_CUSTODY_OR_CONSUMER_GATES; NOT_PRODUCT_CERTIFICATION,S291
1330430083,zz-aa-dep-CompoundSpheres3D,zz-aa-dep-CompoundSpheres3D,dependency,dependency,public,WorldSphereMod rendering dependency,VERIFY THREE-SOURCE MERGE AT THE CONSUMER,P2,The README calls it canonical and describes a three-source merge with upstream and WSM3D renderer lineage. Those claims need more than source folder presence.,Resolve submodule/assembly pins and check the intended terrain/height-field/culling behavior in the actual game build.,"Selected source capabilities, assets and ABI are retained; render correctness/performance and failure cases pass against the known working baseline.",bounded-root,ROLE_SPECIFIC_CUSTODY_OR_CONSUMER_GATES; NOT_PRODUCT_CERTIFICATION,S292
1349458262,KooshaPari,KooshaPari,active-named,active-named,public,Profile / public portfolio consumer,PUBLISH ONLY CURRENT VERIFIED CLAIMS,P1,The profile links several renamed or absent products and advertises 101 merged OmniRoute PRs/rank #5. This pass did not reverify those statistics. Tracera is still positioned as audit infrastructure rather than the clarified product graph.,Generate the public selection from approved product identity and bounded evidence; preserve historical achievements as dated claims rather than advertising deleted download routes as current.,All public destinations resolve to the intended product or historical note; contribution metrics have exact query/window provenance; public build has no private data; landing/docs/app domains are tested.,bounded-root,NOT_INDEPENDENTLY_QUALIFIED_IN_THIS_PASS,S264
1363521465,PhenoFabric,PhenoFabric,active-named,active-named,public,Distributed compute/data/I-O graph runtime,REPAIR DEPENDENCY; PROVE A REAL ROUTE,P0,"The root remains the original research/planning baseline while Cargo lists substantial implementation including GUI/TUI/capture/transport. Its NVMS adapter still fetches KooshaPari/nanovms, unavailable by old name and ID in this connection. Latest stable release endpoint returned 404.","Verify the manifest/runtime successor by API and provenance, not matching crate name. Resolve dependencies, then demonstrate one real producer-consumer path and publish its actual profile.","Clean reproducible build, authenticated two-node surface or task route, cancellation/reconnect, bounded contention and appropriate same-host fast path. GUI shell existence does not prove remoting or compute meshing.",bounded-root-plus-selected-source,NOT_INDEPENDENTLY_QUALIFIED_IN_THIS_PASS,S247;S234;S235
1365855438,jcode,jcode,active-named,active-named,public,Coding-agent harness fork,QUALIFY INSTALL AND DESTRUCTIVE-ACTION BOUNDARIES,P0,"Latest GitHub fork release v0.85.0-k1.0.0 exists (September 15), but its observed attached asset list contains only a FreeBSD x86_64 archive. README install/update paths still predominantly point at upstream jcode.sh, while manual download points to this fork.",Prove the exact fork installation/update path on the actual Mac and Windows hosts. Preserve successful connection/subagent work while making irreversible actions depend on explicit external authority.,"Installed digest/version matches tested fork; SSE loss and child restart do not duplicate actions; state survives update; scope/approval controls reject unauthorized deletion, force push and admin merge.",bounded-root-plus-selected-source,NOT_INDEPENDENTLY_QUALIFIED_IN_THIS_PASS,S265;S308
1369043600,zz-tbd-PhenoSDKs,zz-tbd-PhenoSDKs,target-undecided,target-undecided,private,Unresolved shared SDK/observability collection,PRESERVE PACKAGES; DECIDE OWNERSHIP BY CONSUMERS,P2,The README says target undecided and lists Go SDK plus observability. Presence in a collection does not establish a compatible new package/versioning home.,"List module/import identities, real consumers, release obligations and provenance. Choose existing product or foundation owners by contract; avoid another generic utilities repository.",Clean consumers resolve exact versions without old relative paths; package namespaces and licenses survive; old identifiers have deliberate compatibility treatment.,bounded-root,ROLE_SPECIFIC_CUSTODY_OR_CONSUMER_GATES; NOT_PRODUCT_CERTIFICATION,S270
